det,des,id,img_idx,ttc_lidar,ttc_camera,ttc_diff
FAST,BRISK,0,1,12.5156,12.5036,0.0119557
FAST,BRISK,1,2,12.6142,12.4972,0.117055
FAST,BRISK,2,3,14.091,13.7667,0.324321
FAST,BRISK,3,4,16.6894,12.8857,3.80372
FAST,BRISK,4,5,15.7465,-inf,inf
FAST,BRISK,5,6,12.7835,14.0835,-1.30002
FAST,BRISK,6,7,11.9844,12.3866,-0.402245
FAST,BRISK,7,8,13.1241,11.342,1.78211
FAST,BRISK,8,9,13.0241,11.8969,1.12722
FAST,BRISK,9,10,11.1746,13.8902,-2.71559
FAST,BRISK,10,11,12.8086,12.2696,0.538995
FAST,BRISK,11,12,8.95978,11.6041,-2.64432
FAST,BRISK,12,13,9.96439,11.9241,-1.95966
FAST,BRISK,13,14,9.59863,12.2391,-2.64047
FAST,BRISK,14,15,8.52157,11.4845,-2.96291
FAST,BRISK,15,16,9.51552,13.9142,-4.3987
FAST,BRISK,16,17,9.61241,9.97203,-0.359618
FAST,BRISK,17,18,8.3988,31.8626,-23.4638
FAST,BRIEF,18,1,12.5156,11.199,1.31663
FAST,BRIEF,19,2,12.6142,12.4757,0.138553
FAST,BRIEF,20,3,14.091,14.8112,-0.720204
FAST,BRIEF,21,4,16.6894,14.1065,2.58286
FAST,BRIEF,22,5,15.7465,36.895,-21.1484
FAST,BRIEF,23,6,12.7835,13.5704,-0.786925
FAST,BRIEF,24,7,11.9844,11.6915,0.292811
FAST,BRIEF,25,8,13.1241,11.3522,1.77192
FAST,BRIEF,26,9,13.0241,11.6049,1.41918
FAST,BRIEF,27,10,11.1746,13.1983,-2.02368
FAST,BRIEF,28,11,12.8086,13.5019,-0.69329
FAST,BRIEF,29,12,8.95978,12.8008,-3.841
FAST,BRIEF,30,13,9.96439,12.273,-2.30858
FAST,BRIEF,31,14,9.59863,11.7063,-2.10766
FAST,BRIEF,32,15,8.52157,12.24,-3.71843
FAST,BRIEF,33,16,9.51552,12.11,-2.59445
FAST,BRIEF,34,17,9.61241,11.0958,-1.4834
FAST,BRIEF,35,18,8.3988,9.22816,-0.829352
FAST,ORB,36,1,12.5156,10.8113,1.70433
FAST,ORB,37,2,12.6142,12.0075,0.606776
FAST,ORB,38,3,14.091,13.2483,0.842757
FAST,ORB,39,4,16.6894,13.33,3.35938
FAST,ORB,40,5,15.7465,17.9983,-2.25178
FAST,ORB,41,6,12.7835,13.3709,-0.587395
FAST,ORB,42,7,11.9844,11.6181,0.366283
FAST,ORB,43,8,13.1241,12.0558,1.06834
FAST,ORB,44,9,13.0241,11.7264,1.29768
FAST,ORB,45,10,11.1746,13.3278,-2.15318
FAST,ORB,46,11,12.8086,13.6835,-0.874901
FAST,ORB,47,12,8.95978,10.4815,-1.52169
FAST,ORB,48,13,9.96439,12.943,-2.97859
FAST,ORB,49,14,9.59863,12.332,-2.73333
FAST,ORB,50,15,8.52157,11.4218,-2.90027
FAST,ORB,51,16,9.51552,11.1304,-1.61489
FAST,ORB,52,17,9.61241,7.86218,1.75023
FAST,ORB,53,18,8.3988,11.7492,-3.35035
FAST,FREAK,54,1,12.5156,10.8113,1.70433
FAST,FREAK,55,2,12.6142,11.6034,1.01081
FAST,FREAK,56,3,14.091,13.6059,0.485073
FAST,FREAK,57,4,16.6894,37.5888,-20.8994
FAST,FREAK,58,5,15.7465,18.3487,-2.60216
FAST,FREAK,59,6,12.7835,13.0781,-0.294637
FAST,FREAK,60,7,11.9844,11.5301,0.454201
FAST,FREAK,61,8,13.1241,11.0489,2.07521
FAST,FREAK,62,9,13.0241,11.7226,1.30149
FAST,FREAK,63,10,11.1746,12.9845,-1.80989
FAST,FREAK,64,11,12.8086,14.8673,-2.05874
FAST,FREAK,65,12,8.95978,10.6826,-1.72278
FAST,FREAK,66,13,9.96439,12.9934,-3.02905
FAST,FREAK,67,14,9.59863,12.535,-2.93637
FAST,FREAK,68,15,8.52157,11.4456,-2.924
FAST,FREAK,69,16,9.51552,11.2643,-1.74878
FAST,FREAK,70,17,9.61241,7.65177,1.96064
FAST,FREAK,71,18,8.3988,10.4893,-2.09053
FAST,AKAZE,72,1,12.5156,11.0748,1.44082
FAST,AKAZE,73,2,12.6142,12.1031,0.51113
FAST,AKAZE,74,3,14.091,13.752,0.339029
FAST,AKAZE,75,4,16.6894,13.6129,3.07649
FAST,AKAZE,76,5,15.7465,24.1207,-8.37419
FAST,AKAZE,77,6,12.7835,13.3709,-0.587395
FAST,AKAZE,78,7,11.9844,11.8134,0.170975
FAST,AKAZE,79,8,13.1241,11.1816,1.94248
FAST,AKAZE,80,9,13.0241,11.7306,1.29348
FAST,AKAZE,81,10,11.1746,13.4789,-2.30429
FAST,AKAZE,82,11,12.8086,14.4469,-1.6383
FAST,AKAZE,83,12,8.95978,10.7136,-1.75384
FAST,AKAZE,84,13,9.96439,12.9406,-2.97625
FAST,AKAZE,85,14,9.59863,12.5199,-2.92129
FAST,AKAZE,86,15,8.52157,11.3246,-2.80305
FAST,AKAZE,87,16,9.51552,11.0113,-1.49575
FAST,AKAZE,88,17,9.61241,7.97977,1.63264
FAST,AKAZE,89,18,8.3988,11.341,-2.94221
FAST,SIFT,90,1,12.5156,10.7101,1.80555
FAST,SIFT,91,2,12.6142,11.392,1.22226
FAST,SIFT,92,3,14.091,13.9157,0.17527
FAST,SIFT,93,4,16.6894,13.3085,3.38089
FAST,SIFT,94,5,15.7465,26.5166,-10.77
FAST,SIFT,95,6,12.7835,13.1484,-0.364948
FAST,SIFT,96,7,11.9844,11.5656,0.418729
FAST,SIFT,97,8,13.1241,11.1,2.02412
FAST,SIFT,98,9,13.0241,11.9008,1.12328
FAST,SIFT,99,10,11.1746,13.3412,-2.16658
FAST,SIFT,100,11,12.8086,13.6717,-0.863051
FAST,SIFT,101,12,8.95978,10.7801,-1.82034
FAST,SIFT,102,13,9.96439,11.4955,-1.53113
FAST,SIFT,103,14,9.59863,12.5923,-2.99366
FAST,SIFT,104,15,8.52157,11.3035,-2.78196
FAST,SIFT,105,16,9.51552,11.3563,-1.84076
FAST,SIFT,106,17,9.61241,7.6097,2.00272
FAST,SIFT,107,18,8.3988,11.9301,-3.53132
BRISK,BRISK,108,1,12.5156,11.5527,0.962867
BRISK,BRISK,109,2,12.6142,28.4524,-15.8382
BRISK,BRISK,110,3,14.091,18.5561,-4.46509
BRISK,BRISK,111,4,16.6894,14.4255,2.26388
BRISK,BRISK,112,5,15.7465,40.0566,-24.31
BRISK,BRISK,113,6,12.7835,17.5157,-4.73217
BRISK,BRISK,114,7,11.9844,14.4225,-2.43813
BRISK,BRISK,115,8,13.1241,20.7027,-7.57857
BRISK,BRISK,116,9,13.0241,14.4525,-1.42837
BRISK,BRISK,117,10,11.1746,15.2958,-4.12114
BRISK,BRISK,118,11,12.8086,12.3895,0.419067
BRISK,BRISK,119,12,8.95978,13.1469,-4.18713
BRISK,BRISK,120,13,0,0,0
BRISK,BRISK,121,14,9.59863,11.1056,-1.50698
BRISK,BRISK,122,15,8.52157,13.3989,-4.8773
BRISK,BRISK,123,16,9.51552,11.9098,-2.39431
BRISK,BRISK,124,17,9.61241,14.4362,-4.8238
BRISK,BRISK,125,18,8.3988,12.4195,-4.02069
BRISK,BRIEF,126,1,12.5156,15.3593,-2.8437
BRISK,BRIEF,127,2,12.6142,21.4896,-8.87534
BRISK,BRIEF,128,3,14.091,14.5838,-0.492742
BRISK,BRIEF,129,4,16.6894,14.715,1.97434
BRISK,BRIEF,130,5,15.7465,27.9318,-12.1852
BRISK,BRIEF,131,6,12.7835,34.079,-21.2955
BRISK,BRIEF,132,7,11.9844,13.2899,-1.30552
BRISK,BRIEF,133,8,13.1241,13.2471,-0.122947
BRISK,BRIEF,134,9,13.0241,18.2111,-5.18693
BRISK,BRIEF,135,10,11.1746,11.7359,-0.561248
BRISK,BRIEF,136,11,12.8086,11.9634,0.845193
BRISK,BRIEF,137,12,8.95978,12.8738,-3.91405
BRISK,BRIEF,138,13,9.96439,10.5723,-0.607898
BRISK,BRIEF,139,14,9.59863,11.3356,-1.73694
BRISK,BRIEF,140,15,8.52157,11.6675,-3.14598
BRISK,BRIEF,141,16,9.51552,14.1101,-4.59456
BRISK,BRIEF,142,17,9.61241,9.2872,0.325211
BRISK,BRIEF,143,18,8.3988,11.7615,-3.36273
BRISK,ORB,144,1,12.5156,12.6395,-0.123862
BRISK,ORB,145,2,12.6142,13.5465,-0.932276
BRISK,ORB,146,3,14.091,14.9702,-0.879225
BRISK,ORB,147,4,16.6894,15.0253,1.6641
BRISK,ORB,148,5,15.7465,13.2022,2.54439
BRISK,ORB,149,6,12.7835,15.2341,-2.45064
BRISK,ORB,150,7,11.9844,13.67,-1.68567
BRISK,ORB,151,8,13.1241,19.4719,-6.34782
BRISK,ORB,152,9,13.0241,16.7501,-3.72596
BRISK,ORB,153,10,11.1746,11.1502,0.0244112
BRISK,ORB,154,11,12.8086,11.4289,1.37972
BRISK,ORB,155,12,8.95978,12.2916,-3.33178
BRISK,ORB,156,13,0,0,0
BRISK,ORB,157,14,9.59863,11.2881,-1.68944
BRISK,ORB,158,15,8.52157,11.7942,-3.27263
BRISK,ORB,159,16,9.51552,11.3972,-1.8817
BRISK,ORB,160,17,9.61241,8.91747,0.694947
BRISK,ORB,161,18,8.3988,11.5529,-3.1541
BRISK,FREAK,162,1,12.5156,12.36,0.155646
BRISK,FREAK,163,2,12.6142,13.3905,-0.776236
BRISK,FREAK,164,3,14.091,14.8034,-0.712349
BRISK,FREAK,165,4,16.6894,16.5104,0.178959
BRISK,FREAK,166,5,15.7465,12.7303,3.01625
BRISK,FREAK,167,6,12.7835,17.7318,-4.94827
BRISK,FREAK,168,7,11.9844,13.9373,-1.95298
BRISK,FREAK,169,8,13.1241,18.2172,-5.09309
BRISK,FREAK,170,9,13.0241,14.9187,-1.89455
BRISK,FREAK,171,10,11.1746,11.754,-0.579313
BRISK,FREAK,172,11,12.8086,12.704,0.104614
BRISK,FREAK,173,12,8.95978,13.4309,-4.47111
BRISK,FREAK,174,13,9.96439,13.1625,-3.1981
BRISK,FREAK,175,14,9.59863,10.5984,-0.999767
BRISK,FREAK,176,15,8.52157,10.7655,-2.24395
BRISK,FREAK,177,16,9.51552,12.4898,-2.97432
BRISK,FREAK,178,17,9.61241,8.92016,0.692251
BRISK,FREAK,179,18,8.3988,10.4832,-2.08443
BRISK,AKAZE,180,1,12.5156,13.3965,-0.880901
BRISK,AKAZE,181,2,12.6142,12.7653,-0.151101
BRISK,AKAZE,182,3,14.091,16.4878,-2.39675
BRISK,AKAZE,183,4,16.6894,14.3497,2.33966
BRISK,AKAZE,184,5,15.7465,14.1229,1.62369
BRISK,AKAZE,185,6,12.7835,15.2617,-2.47818
BRISK,AKAZE,186,7,11.9844,13.9231,-1.93872
BRISK,AKAZE,187,8,13.1241,16.5304,-3.40632
BRISK,AKAZE,188,9,13.0241,15.5019,-2.4778
BRISK,AKAZE,189,10,11.1746,10.3697,0.804955
BRISK,AKAZE,190,11,12.8086,11.7409,1.06767
BRISK,AKAZE,191,12,0,0,0
BRISK,AKAZE,192,13,9.96439,13.0501,-3.08567
BRISK,AKAZE,193,14,9.59863,10.715,-1.11633
BRISK,AKAZE,194,15,8.52157,11.1157,-2.59417
BRISK,AKAZE,195,16,9.51552,12.1509,-2.63543
BRISK,AKAZE,196,17,9.61241,8.71343,0.898987
BRISK,AKAZE,197,18,8.3988,11.3786,-2.97976
BRISK,SIFT,198,1,12.5156,11.9632,0.552448
BRISK,SIFT,199,2,12.6142,12.1135,0.500788
BRISK,SIFT,200,3,14.091,16.5935,-2.5025
BRISK,SIFT,201,4,16.6894,14.7476,1.94179
BRISK,SIFT,202,5,15.7465,13.5831,2.16348
BRISK,SIFT,203,6,12.7835,15.1642,-2.38071
BRISK,SIFT,204,7,11.9844,14.19,-2.20563
BRISK,SIFT,205,8,13.1241,16.9059,-3.78183
BRISK,SIFT,206,9,13.0241,15.1988,-2.17467
BRISK,SIFT,207,10,11.1746,13.175,-2.00035
BRISK,SIFT,208,11,12.8086,11.721,1.08758
BRISK,SIFT,209,12,8.95978,12.813,-3.85319
BRISK,SIFT,210,13,9.96439,12.3393,-2.37487
BRISK,SIFT,211,14,9.59863,10.6665,-1.06785
BRISK,SIFT,212,15,8.52157,10.2688,-1.74722
BRISK,SIFT,213,16,9.51552,11.5019,-1.98633
BRISK,SIFT,214,17,9.61241,8.71343,0.898987
BRISK,SIFT,215,18,8.3988,11.3086,-2.90977
ORB,BRISK,216,1,12.5156,48.9008,-36.3852
ORB,BRISK,217,2,12.6142,18.6344,-6.02015
ORB,BRISK,218,3,14.091,12.0855,2.00556
ORB,BRISK,219,4,16.6894,40.3304,-23.641
ORB,BRISK,220,5,15.7465,67.1532,-51.4066
ORB,BRISK,221,6,12.7835,10.4279,2.35561
ORB,BRISK,222,7,11.9844,12.7663,-0.781984
ORB,BRISK,223,8,13.1241,10.8519,2.27219
ORB,BRISK,224,9,13.0241,-inf,inf
ORB,BRISK,225,10,11.1746,20.6937,-9.51902
ORB,BRISK,226,11,12.8086,7.78781,5.02079
ORB,BRISK,227,12,8.95978,-inf,inf
ORB,BRISK,228,13,9.96439,22.4629,-12.4985
ORB,BRISK,229,14,0,0,0
ORB,BRISK,230,15,8.52157,22.6072,-14.0857
ORB,BRISK,231,16,0,0,0
ORB,BRISK,232,17,9.61241,15.7683,-6.15592
ORB,BRISK,233,18,8.3988,33.3524,-24.9536
ORB,BRIEF,234,1,12.5156,14.1913,-1.67568
ORB,BRIEF,235,2,12.6142,10.6654,1.94888
ORB,BRIEF,236,3,0,0,0
ORB,BRIEF,237,4,16.6894,-inf,inf
ORB,BRIEF,238,5,15.7465,30.1357,-14.3892
ORB,BRIEF,239,6,12.7835,-inf,inf
ORB,BRIEF,240,7,11.9844,19.9077,-7.92337
ORB,BRIEF,241,8,13.1241,9.15126,3.97286
ORB,BRIEF,242,9,13.0241,-inf,inf
ORB,BRIEF,243,10,11.1746,-inf,inf
ORB,BRIEF,244,11,12.8086,9.37848,3.43013
ORB,BRIEF,245,12,8.95978,-inf,inf
ORB,BRIEF,246,13,9.96439,-inf,inf
ORB,BRIEF,247,14,9.59863,11.2267,-1.62811
ORB,BRIEF,248,15,0,0,0
ORB,BRIEF,249,16,0,0,0
ORB,BRIEF,250,17,9.61241,11.6294,-2.01694
ORB,BRIEF,251,18,8.3988,57.4134,-49.0146
ORB,ORB,252,1,12.5156,13.0822,-0.566649
ORB,ORB,253,2,12.6142,24.1294,-11.5152
ORB,ORB,254,3,0,0,0
ORB,ORB,255,4,16.6894,49.909,-33.2196
ORB,ORB,256,5,15.7465,21.3371,-5.59056
ORB,ORB,257,6,12.7835,13.4145,-0.630962
ORB,ORB,258,7,11.9844,224.493,-212.509
ORB,ORB,259,8,13.1241,-inf,inf
ORB,ORB,260,9,13.0241,-inf,inf
ORB,ORB,261,10,11.1746,9.73306,1.44158
ORB,ORB,262,11,12.8086,21.3918,-8.58315
ORB,ORB,263,12,0,0,0
ORB,ORB,264,13,9.96439,-inf,inf
ORB,ORB,265,14,9.59863,21.8391,-12.2405
ORB,ORB,266,15,0,0,0
ORB,ORB,267,16,0,0,0
ORB,ORB,268,17,9.61241,17.2314,-7.61902
ORB,ORB,269,18,8.3988,34.9182,-26.5194
ORB,FREAK,270,1,12.5156,16.5073,-3.99168
ORB,FREAK,271,2,12.6142,24.1294,-11.5152
ORB,FREAK,272,3,0,0,0
ORB,FREAK,273,4,16.6894,24.9099,-8.22053
ORB,FREAK,274,5,15.7465,24.0009,-8.2544
ORB,FREAK,275,6,12.7835,11.5198,1.26374
ORB,FREAK,276,7,11.9844,191.051,-179.066
ORB,FREAK,277,8,13.1241,-inf,inf
ORB,FREAK,278,9,13.0241,140.565,-127.541
ORB,FREAK,279,10,11.1746,10.5404,0.634257
ORB,FREAK,280,11,12.8086,23.2862,-10.4776
ORB,FREAK,281,12,0,0,0
ORB,FREAK,282,13,9.96439,-inf,inf
ORB,FREAK,283,14,9.59863,21.8391,-12.2405
ORB,FREAK,284,15,0,0,0
ORB,FREAK,285,16,0,0,0
ORB,FREAK,286,17,9.61241,17.2314,-7.61902
ORB,FREAK,287,18,8.3988,34.9182,-26.5194
ORB,AKAZE,288,1,12.5156,13.0822,-0.566649
ORB,AKAZE,289,2,12.6142,34.3707,-21.7565
ORB,AKAZE,290,3,0,0,0
ORB,AKAZE,291,4,16.6894,24.9099,-8.22053
ORB,AKAZE,292,5,15.7465,24.0009,-8.2544
ORB,AKAZE,293,6,12.7835,13.4145,-0.630962
ORB,AKAZE,294,7,11.9844,191.051,-179.066
ORB,AKAZE,295,8,13.1241,100.501,-87.3767
ORB,AKAZE,296,9,13.0241,-inf,inf
ORB,AKAZE,297,10,11.1746,12.8303,-1.65561
ORB,AKAZE,298,11,12.8086,19.4803,-6.67166
ORB,AKAZE,299,12,0,0,0
ORB,AKAZE,300,13,9.96439,-inf,inf
ORB,AKAZE,301,14,9.59863,21.8391,-12.2405
ORB,AKAZE,302,15,0,0,0
ORB,AKAZE,303,16,0,0,0
ORB,AKAZE,304,17,9.61241,17.2314,-7.61902
ORB,AKAZE,305,18,8.3988,34.9182,-26.5194
ORB,SIFT,306,1,12.5156,13.0822,-0.566649
ORB,SIFT,307,2,12.6142,24.1294,-11.5152
ORB,SIFT,308,3,0,0,0
ORB,SIFT,309,4,16.6894,46.1601,-29.4707
ORB,SIFT,310,5,15.7465,24.0009,-8.2544
ORB,SIFT,311,6,12.7835,13.4145,-0.630962
ORB,SIFT,312,7,11.9844,191.051,-179.066
ORB,SIFT,313,8,13.1241,-inf,inf
ORB,SIFT,314,9,13.0241,-inf,inf
ORB,SIFT,315,10,11.1746,10.5404,0.634257
ORB,SIFT,316,11,12.8086,24.9891,-12.1805
ORB,SIFT,317,12,0,0,0
ORB,SIFT,318,13,9.96439,-inf,inf
ORB,SIFT,319,14,9.59863,21.8391,-12.2405
ORB,SIFT,320,15,0,0,0
ORB,SIFT,321,16,0,0,0
ORB,SIFT,322,17,9.61241,16.7035,-7.09112
ORB,SIFT,323,18,8.3988,34.9182,-26.5194
AKAZE,BRISK,324,1,12.5156,12.9833,-0.46767
AKAZE,BRISK,325,2,12.6142,14.0699,-1.45569
AKAZE,BRISK,326,3,14.091,13.8423,0.248684
AKAZE,BRISK,327,4,16.6894,14.664,2.02543
AKAZE,BRISK,328,5,15.7465,14.2094,1.53711
AKAZE,BRISK,329,6,12.7835,15.5232,-2.73967
AKAZE,BRISK,330,7,11.9844,25.7052,-13.7208
AKAZE,BRISK,331,8,13.1241,21.0669,-7.9428
AKAZE,BRISK,332,9,13.0241,21.8222,-8.79809
AKAZE,BRISK,333,10,11.1746,11.6065,-0.431898
AKAZE,BRISK,334,11,12.8086,20.1676,-7.35897
AKAZE,BRISK,335,12,8.95978,11.2221,-2.26235
AKAZE,BRISK,336,13,9.96439,10.1985,-0.234118
AKAZE,BRISK,337,14,9.59863,15.2046,-5.60602
AKAZE,BRISK,338,15,8.52157,15.6112,-7.08964
AKAZE,BRISK,339,16,9.51552,10.2919,-0.776377
AKAZE,BRISK,340,17,9.61241,9.52044,0.0919706
AKAZE,BRISK,341,18,8.3988,9.26906,-0.870261
AKAZE,BRIEF,342,1,12.5156,12.5102,0.00539252
AKAZE,BRIEF,343,2,12.6142,15.2784,-2.66413
AKAZE,BRIEF,344,3,14.091,13.4446,0.646427
AKAZE,BRIEF,345,4,16.6894,13.7443,2.94513
AKAZE,BRIEF,346,5,15.7465,14.1099,1.63665
AKAZE,BRIEF,347,6,12.7835,13.1004,-0.316879
AKAZE,BRIEF,348,7,11.9844,16.3748,-4.39041
AKAZE,BRIEF,349,8,13.1241,13.9028,-0.778647
AKAZE,BRIEF,350,9,13.0241,13.1062,-0.0820796
AKAZE,BRIEF,351,10,11.1746,12.2593,-1.08462
AKAZE,BRIEF,352,11,12.8086,11.6354,1.17318
AKAZE,BRIEF,353,12,8.95978,10.165,-1.20518
AKAZE,BRIEF,354,13,9.96439,10.7923,-0.827873
AKAZE,BRIEF,355,14,9.59863,11.692,-2.09339
AKAZE,BRIEF,356,15,8.52157,11.3735,-2.8519
AKAZE,BRIEF,357,16,9.51552,10.6302,-1.11465
AKAZE,BRIEF,358,17,9.61241,8.80984,0.802577
AKAZE,BRIEF,359,18,8.3988,9.02521,-0.626409
AKAZE,ORB,360,1,12.5156,28.5404,-16.0248
AKAZE,ORB,361,2,12.6142,21.6076,-8.99335
AKAZE,ORB,362,3,14.091,13.3189,0.772064
AKAZE,ORB,363,4,16.6894,14.4776,2.21183
AKAZE,ORB,364,5,15.7465,16.2998,-0.553223
AKAZE,ORB,365,6,12.7835,12.4433,0.340187
AKAZE,ORB,366,7,11.9844,16.319,-4.33463
AKAZE,ORB,367,8,13.1241,14.0475,-0.923345
AKAZE,ORB,368,9,13.0241,13.9262,-0.902057
AKAZE,ORB,369,10,11.1746,16.1038,-4.92914
AKAZE,ORB,370,11,12.8086,12.9469,-0.138301
AKAZE,ORB,371,12,8.95978,10.388,-1.42824
AKAZE,ORB,372,13,9.96439,10.2994,-0.334986
AKAZE,ORB,373,14,9.59863,10.273,-0.674401
AKAZE,ORB,374,15,8.52157,9.44942,-0.927851
AKAZE,ORB,375,16,9.51552,9.75507,-0.239549
AKAZE,ORB,376,17,9.61241,9.63923,-0.0268124
AKAZE,ORB,377,18,8.3988,8.99438,-0.595581
AKAZE,FREAK,378,1,12.5156,12.4778,0.0378413
AKAZE,FREAK,379,2,12.6142,21.2767,-8.66243
AKAZE,FREAK,380,3,14.091,13.3196,0.771383
AKAZE,FREAK,381,4,16.6894,14.2039,2.4855
AKAZE,FREAK,382,5,15.7465,15.383,0.363547
AKAZE,FREAK,383,6,12.7835,12.4433,0.340187
AKAZE,FREAK,384,7,11.9844,16.4578,-4.47347
AKAZE,FREAK,385,8,13.1241,17.3302,-4.20612
AKAZE,FREAK,386,9,13.0241,13.8797,-0.855534
AKAZE,FREAK,387,10,11.1746,11.8702,-0.695581
AKAZE,FREAK,388,11,12.8086,13.0831,-0.27445
AKAZE,FREAK,389,12,8.95978,10.2015,-1.24169
AKAZE,FREAK,390,13,9.96439,10.3211,-0.356676
AKAZE,FREAK,391,14,9.59863,10.0032,-0.404562
AKAZE,FREAK,392,15,8.52157,13.3578,-4.83624
AKAZE,FREAK,393,16,9.51552,10.0881,-0.572551
AKAZE,FREAK,394,17,9.61241,9.84253,-0.230119
AKAZE,FREAK,395,18,8.3988,9.00226,-0.603461
AKAZE,AKAZE,396,1,12.5156,28.8999,-16.3843
AKAZE,AKAZE,397,2,12.6142,15.1478,-2.53355
AKAZE,AKAZE,398,3,14.091,13.4446,0.646427
AKAZE,AKAZE,399,4,16.6894,14.566,2.1234
AKAZE,AKAZE,400,5,15.7465,15.1947,0.551871
AKAZE,AKAZE,401,6,12.7835,12.2296,0.553888
AKAZE,AKAZE,402,7,11.9844,16.4293,-4.44494
AKAZE,AKAZE,403,8,13.1241,16.8211,-3.69695
AKAZE,AKAZE,404,9,13.0241,14.1213,-1.09715
AKAZE,AKAZE,405,10,11.1746,11.5325,-0.357827
AKAZE,AKAZE,406,11,12.8086,12.8687,-0.0601128
AKAZE,AKAZE,407,12,8.95978,10.3702,-1.41039
AKAZE,AKAZE,408,13,9.96439,10.1732,-0.208859
AKAZE,AKAZE,409,14,9.59863,10.3991,-0.800472
AKAZE,AKAZE,410,15,8.52157,9.26123,-0.739662
AKAZE,AKAZE,411,16,9.51552,10.0814,-0.565833
AKAZE,AKAZE,412,17,9.61241,9.44134,0.171075
AKAZE,AKAZE,413,18,8.3988,11.4123,-3.01353
AKAZE,SIFT,414,1,12.5156,27.5945,-15.0789
AKAZE,SIFT,415,2,12.6142,21.3343,-8.72006
AKAZE,SIFT,416,3,14.091,13.3836,0.70743
AKAZE,SIFT,417,4,16.6894,14.2454,2.44402
AKAZE,SIFT,418,5,15.7465,15.3351,0.411442
AKAZE,SIFT,419,6,12.7835,12.2886,0.494893
AKAZE,SIFT,420,7,11.9844,15.9576,-3.97327
AKAZE,SIFT,421,8,13.1241,17.7378,-4.61369
AKAZE,SIFT,422,9,13.0241,13.6213,-0.597204
AKAZE,SIFT,423,10,11.1746,16.1889,-5.01425
AKAZE,SIFT,424,11,12.8086,12.9058,-0.0972
AKAZE,SIFT,425,12,8.95978,10.6706,-1.71087
AKAZE,SIFT,426,13,9.96439,10.1428,-0.178375
AKAZE,SIFT,427,14,9.59863,10.4889,-0.890313
AKAZE,SIFT,428,15,8.52157,12.2083,-3.68668
AKAZE,SIFT,429,16,9.51552,10.0714,-0.555878
AKAZE,SIFT,430,17,9.61241,9.44068,0.171739
AKAZE,SIFT,431,18,8.3988,12.543,-4.14418
SIFT,BRISK,432,1,12.5156,11.8111,0.704489
SIFT,BRISK,433,2,12.6142,13.8283,-1.21403
SIFT,BRISK,434,3,14.091,13.6642,0.426794
SIFT,BRISK,435,4,16.6894,19.6817,-2.99227
SIFT,BRISK,436,5,15.7465,15.5412,0.205388
SIFT,BRISK,437,6,12.7835,10.9071,1.87638
SIFT,BRISK,438,7,0,0,0
SIFT,BRISK,439,8,13.1241,15.5233,-2.39922
SIFT,BRISK,440,9,0,0,0
SIFT,BRISK,441,10,0,0,0
SIFT,BRISK,442,11,12.8086,12.814,-0.00542275
SIFT,BRISK,443,12,8.95978,9.78798,-0.828198
SIFT,BRISK,444,13,0,0,0
SIFT,BRISK,445,14,0,0,0
SIFT,BRISK,446,15,0,0,0
SIFT,BRISK,447,16,0,0,0
SIFT,BRISK,448,17,0,0,0
SIFT,BRISK,449,18,0,0,0
SIFT,ORB,450,1,12.5156,12.0017,0.513889
SIFT,ORB,451,2,12.6142,15.2248,-2.61057
SIFT,ORB,452,3,14.091,14.9252,-0.83419
SIFT,ORB,453,4,16.6894,21.1469,-4.4575
SIFT,ORB,454,5,15.7465,14.7373,1.00926
SIFT,ORB,455,6,12.7835,12.619,0.164471
SIFT,ORB,456,7,0,0,0
SIFT,ORB,457,8,13.1241,15.2917,-2.16762
SIFT,ORB,458,9,0,0,0
SIFT,ORB,459,10,11.1746,11.6701,-0.495487
SIFT,ORB,460,11,12.8086,10.2888,2.51982
SIFT,ORB,461,12,8.95978,11.16,-2.20018
SIFT,ORB,462,13,0,0,0
SIFT,ORB,463,14,0,0,0
SIFT,ORB,464,15,0,0,0
SIFT,ORB,465,16,0,0,0
SIFT,ORB,466,17,9.61241,13.438,-3.82557
SIFT,ORB,467,18,0,0,0
SIFT,FREAK,468,1,12.5156,11.7116,0.804047
SIFT,FREAK,469,2,12.6142,15.147,-2.53279
SIFT,FREAK,470,3,14.091,15.0874,-0.996415
SIFT,FREAK,471,4,16.6894,20.5177,-3.82832
SIFT,FREAK,472,5,15.7465,14.9918,0.754751
SIFT,FREAK,473,6,12.7835,12.7727,0.0108352
SIFT,FREAK,474,7,0,0,0
SIFT,FREAK,475,8,13.1241,15.2235,-2.0994
SIFT,FREAK,476,9,0,0,0
SIFT,FREAK,477,10,11.1746,11.3856,-0.21098
SIFT,FREAK,478,11,12.8086,11.2954,1.51316
SIFT,FREAK,479,12,8.95978,11.2114,-2.25162
SIFT,FREAK,480,13,0,0,0
SIFT,FREAK,481,14,0,0,0
SIFT,FREAK,482,15,0,0,0
SIFT,FREAK,483,16,0,0,0
SIFT,FREAK,484,17,9.61241,8.9468,0.665614
SIFT,FREAK,485,18,0,0,0
SIFT,AKAZE,486,1,12.5156,12.2055,0.310091
SIFT,AKAZE,487,2,12.6142,15.0483,-2.43404
SIFT,AKAZE,488,3,14.091,14.1114,-0.0204145
SIFT,AKAZE,489,4,16.6894,20.5177,-3.82832
SIFT,AKAZE,490,5,15.7465,15.4623,0.28422
SIFT,AKAZE,491,6,12.7835,12.3835,0.399982
SIFT,AKAZE,492,7,0,0,0
SIFT,AKAZE,493,8,13.1241,15.4273,-2.30316
SIFT,AKAZE,494,9,0,0,0
SIFT,AKAZE,495,10,11.1746,11.9709,-0.796233
SIFT,AKAZE,496,11,12.8086,11.0678,1.74075
SIFT,AKAZE,497,12,8.95978,11.1602,-2.20042
SIFT,AKAZE,498,13,0,0,0
SIFT,AKAZE,499,14,0,0,0
SIFT,AKAZE,500,15,0,0,0
SIFT,AKAZE,501,16,0,0,0
SIFT,AKAZE,502,17,9.61241,13.7827,-4.17026
SIFT,AKAZE,503,18,8.3988,16.5446,-8.14582
SIFT,SIFT,504,1,12.5156,11.911,0.604606
SIFT,SIFT,505,2,12.6142,15.0683,-2.45401
SIFT,SIFT,506,3,14.091,15.0893,-0.998326
SIFT,SIFT,507,4,16.6894,22.9581,-6.26876
SIFT,SIFT,508,5,15.7465,13.295,2.45154
SIFT,SIFT,509,6,12.7835,12.3685,0.414986
SIFT,SIFT,510,7,0,0,0
SIFT,SIFT,511,8,13.1241,16.103,-2.97889
SIFT,SIFT,512,9,0,0,0
SIFT,SIFT,513,10,11.1746,11.0816,0.0930338
SIFT,SIFT,514,11,12.8086,11.3816,1.42703
SIFT,SIFT,515,12,8.95978,11.5292,-2.5694
SIFT,SIFT,516,13,0,0,0
SIFT,SIFT,517,14,0,0,0
SIFT,SIFT,518,15,0,0,0
SIFT,SIFT,519,16,0,0,0
SIFT,SIFT,520,17,9.61241,13.7827,-4.17026
SIFT,SIFT,521,18,0,0,0
